{"line": 293, "name": "Nathan", "highest": 8.60321, "lowest": 3.71397, "volume": 39387}